eg_property_id,facet,review_idx,semantic_score,threshold,cos_negative,cos_positive,neg_delta,cos_listing,neg_hint,validated_conflict_score,acquisition_date,review_snippet
823fb2499b4e37d99acb65e7198e75965d6496fd1c579f976205c0e6179206df,know_before_you_go,508,0.4716728925704956,0.4,0.4790215492248535,0.265392929315567,0.2136286199092865,0.3420528173446655,1,0.07307226955890656,2023-11-16,"1. the sink is too low & the faucet too high that water always spout out of the sink.
2. the frame in bathroom was rotten at room# 703.
3. air condition was fail for several rooms without any reason.
4. extra charge euro$60 for city/local t"
fa014137b3ea9af6a90c0a86a1d099e46f7e56d6eb33db1ad1ec4bdac68c3caa,amenities_parking,3623,0.661582350730896,0.45,0.668124794960022,0.5077479481697083,0.16037684679031372,0.3748592138290405,1,0.06011873856186867,2023-03-16,"parking is a problem . the spaces are to few and are very difficult to get  into.
,"
db38b19b897dbece3e34919c662b3fd66d23b615395d11fb69264dd3a9b17723,know_before_you_go,986,0.44056615233421326,0.4,0.4514862895011902,0.2911245822906494,0.16036170721054077,0.35550177097320557,1,0.05700886994600296,2024-04-23,the hotel itself needs some upgrades for the prices they charging. the front door was boarded up cause the front door glass was broken. a little noisy by the freeway
7d027ef72c02eaa17af3c993fd5dba50d17b41a6280389a46c13c7e2c32a5b06,amenities_parking,990,0.5210541486740112,0.45,0.5217172503471375,0.3980906009674072,0.12362664937973022,0.4596443474292755,1,0.05682428926229477,2023-03-02,not enough parking. we had to park our uhual wth a car being pulled at in of building in a gas station parking lot and some one parked right behind us and it was very difficult to get out. hotel staff didn’t take its plate number like they 
7d027ef72c02eaa17af3c993fd5dba50d17b41a6280389a46c13c7e2c32a5b06,amenities_parking,1253,0.6192015409469604,0.45,0.6171407699584961,0.4930896461009979,0.12405112385749817,0.4224487543106079,1,0.05240524187684059,2024-02-13,"very difficult to access, parking is tight, room was cramped and lacked amenities,"
ff26cdda236b233f7c481f0e896814075ac6bed335e162e0ff01d5491343f838,check_in,509,0.5423526167869568,0.45,0.4970987141132355,0.37235027551651,0.12474843859672546,0.38789865374565125,1,0.048389751464128494,2023-03-02,"several members of staff had a poor attitude.. 1. i was told over the phone that we could check in at 1:30. 
the front desk curtly told me not before 2pm. 
2. after waiting 10 minutes for her to get off the phone, i was told that they did"
ff26cdda236b233f7c481f0e896814075ac6bed335e162e0ff01d5491343f838,check_in,2871,0.4841236472129822,0.45,0.47297221422195435,0.32924550771713257,0.14372670650482178,0.3329267203807831,1,0.047850459814071655,2023-03-16,"1. early checkin was a disaster. first i had to wait for 40 minutes and then to be told it would be another 30 minutes. i don't think so.
2. restaurant staff is very poorly trained (even the chef showed up late one morning)
3. the amenities"
fa014137b3ea9af6a90c0a86a1d099e46f7e56d6eb33db1ad1ec4bdac68c3caa,check_in,2116,0.6434676051139832,0.45,0.5911449790000916,0.4710700511932373,0.12007492780685425,0.39330756664276123,1,0.047226376831531525,2023-03-02,check- in was at 3pm .. they checked us in but the room was not ready at all!! we were made to wait for almost an hour in the corridor because the room was in the 3rd floor and it was a hassle for us to go down again with all of our luggage
db38b19b897dbece3e34919c662b3fd66d23b615395d11fb69264dd3a9b17723,children_extra_bed,396,0.5018594264984131,0.45,0.5413451194763184,0.4460412859916687,0.09530383348464966,0.4926912188529968,1,0.04695536196231842,2023-10-22,"it was okay. the room service food was average and there was no kid's menu. the furniture was nice but rundown. it was mostly clean but minor issues here and there. the pool and hot tub had a lot of debris in them, including dead flies. the"
db38b19b897dbece3e34919c662b3fd66d23b615395d11fb69264dd3a9b17723,know_before_you_go,2725,0.4028836488723755,0.4,0.3904132843017578,0.24663427472114563,0.14377900958061218,0.32356029748916626,1,0.046521179378032684,2024-11-05,"this was the worst experience ever in a hotel!!!  hotel room was in total disrepair. shower didn't work - only scalding hot water would come out, toilet made noise, and paper-thin walls could easily hear guests next room over, and had to sw"
7d027ef72c02eaa17af3c993fd5dba50d17b41a6280389a46c13c7e2c32a5b06,amenities_wifi,1027,0.5163522958755493,0.4,0.5160435438156128,0.4157772958278656,0.10026624798774719,0.43508273363113403,1,0.043624114245176315,2024-02-27,toilet not working properly.  wireless very slow. used wireless from hotel next door.  elevator sooo slow. room was not as pictured not a suite as reserved
fa014137b3ea9af6a90c0a86a1d099e46f7e56d6eb33db1ad1ec4bdac68c3caa,know_before_you_go,2089,0.4306907653808594,0.4,0.4341777563095093,0.3039422333240509,0.13023552298545837,0.326896607875824,1,0.04257354885339737,2023-03-02,"property is under construction, so lots of amenities are being moved around. the rooms are small and the bathrooms are poorly designed"
fa014137b3ea9af6a90c0a86a1d099e46f7e56d6eb33db1ad1ec4bdac68c3caa,check_out,2745,0.47829556465148926,0.4,0.46226751804351807,0.34132450819015503,0.12094300985336304,0.33097782731056213,1,0.04002945497632027,2025-04-02,inflexible. entered a reservation for wrong date in error. property refuses to honor change request and charged $200! penalty despite being contacted within an hour of the mistaken reservation entry
7d027ef72c02eaa17af3c993fd5dba50d17b41a6280389a46c13c7e2c32a5b06,know_before_you_go,3479,0.4049610197544098,0.4,0.4322909116744995,0.2780812978744507,0.15420961380004883,0.25841182470321655,1,0.03984958678483963,2023-03-16,"trust me, the room looks bigger in the pictures then for real.  nothing big.  you get what you pay for.  my husband had to finish some work when we discovered that the internet for the whole hotel was out and had been out all week.  we were"
7d027ef72c02eaa17af3c993fd5dba50d17b41a6280389a46c13c7e2c32a5b06,know_before_you_go,2995,0.402053564786911,0.4,0.454839289188385,0.3238900303840637,0.1309492588043213,0.2974415123462677,1,0.03894974663853645,2023-03-02,"wifi was limited to non existent on their unsecured network. caulking around tub was old and cracked. there were rust stains on the shower walls, damaged floor tiles and a toilet tank cover that was the wrong size for the tank. hotel’s loca"
db38b19b897dbece3e34919c662b3fd66d23b615395d11fb69264dd3a9b17723,check_in,2785,0.5081536769866943,0.45,0.4435785412788391,0.30041933059692383,0.14315921068191528,0.25724947452545166,1,0.036827631294727325,2025-05-11,restaurant was very slow. the breakfast
7d027ef72c02eaa17af3c993fd5dba50d17b41a6280389a46c13c7e2c32a5b06,check_in,1151,0.47338318824768066,0.45,0.45803725719451904,0.35566434264183044,0.1023729145526886,0.3480258584022522,1,0.03562842309474945,2023-03-02,"tried to check in late night and they said their system was down. we had to find another hotel at 1:30am. i contacted expedia the next day for a refund and the hotel reported that we stayed there. when i called the hotel to sort it out, the"
7d027ef72c02eaa17af3c993fd5dba50d17b41a6280389a46c13c7e2c32a5b06,amenities_pool,195,0.4538959264755249,0.45,0.5359542369842529,0.426969975233078,0.10898426175117493,0.32579952478408813,1,0.035507019609212875,2023-07-27,paint was falling from the ceiling above the pool. ac was not working in pool room. bathrooms were out of order and disgusting. floors and bathroom were dirty. we found old food on the floor of our room. mold in areas of the hotel. trash ca
3216b1b7885bffdb336265a8de7322ba0cd477cfb3d4f99d19acf488f76a1941,check_out,1928,0.49085837602615356,0.4,0.5352184176445007,0.4135391116142273,0.12167930603027344,0.2904341518878937,1,0.035339824855327606,2023-03-02,not good. i didn’t even check in that night an i was charged the holed amount i think that’s right
7d027ef72c02eaa17af3c993fd5dba50d17b41a6280389a46c13c7e2c32a5b06,check_in,3065,0.5529599785804749,0.45,0.5171359777450562,0.4068194627761841,0.11031651496887207,0.31906241178512573,1,0.03519785404205322,2023-03-02,i'll pass. get to the place after driving an hour and a half and there's no parking anywhere. walk in the lobby and there's a line of people scattered around the dusty jumbled up furniture waiting to be assisted. 15 min later we all are sti
db38b19b897dbece3e34919c662b3fd66d23b615395d11fb69264dd3a9b17723,amenities_breakfast,2725,0.4157443940639496,0.4,0.4181002974510193,0.3248436152935028,0.09325668215751648,0.3765508532524109,1,0.03511588275432587,2024-11-05,"this was the worst experience ever in a hotel!!!  hotel room was in total disrepair. shower didn't work - only scalding hot water would come out, toilet made noise, and paper-thin walls could easily hear guests next room over, and had to sw"
3216b1b7885bffdb336265a8de7322ba0cd477cfb3d4f99d19acf488f76a1941,know_before_you_go,691,0.5131300687789917,0.4,0.48092198371887207,0.3750472664833069,0.10587471723556519,0.33124321699142456,1,0.035070281475782394,2023-11-16,"there were roaches in the restroom.  not enough parking, we were allowed to park in the handicap parking spots.  the key cards didn’t work, but it wasn’t the cards it was the card reader that was broken, so we had to get someone from the fr"
7d027ef72c02eaa17af3c993fd5dba50d17b41a6280389a46c13c7e2c32a5b06,amenities_breakfast,2221,0.5532708168029785,0.4,0.5588772296905518,0.46946221590042114,0.08941501379013062,0.3894791007041931,1,0.03482528030872345,2023-06-14,"got in an midnight, woke up for breakfast at 8am and there was absolutely nothing ready. made a waffle and they had no syrup and made a rude remark when i asked. there were no coffee cups to make a coffee. pool was closed for cleaning so di"
7d027ef72c02eaa17af3c993fd5dba50d17b41a6280389a46c13c7e2c32a5b06,amenities_breakfast,1009,0.40904268622398376,0.4,0.4245583117008209,0.3246726393699646,0.09988567233085632,0.34626609086990356,1,0.03458702191710472,2023-03-16,staff was almost unavailable. no toilet paper in the room. no extra bedding for the fold out hardly any towels in the room. vending machines were empty. clean but missing a lot of the typical extras. staff was nice but hard to find
7d027ef72c02eaa17af3c993fd5dba50d17b41a6280389a46c13c7e2c32a5b06,amenities_parking,1722,0.49155092239379883,0.45,0.47412580251693726,0.39679157733917236,0.07733422517776489,0.44088214635849,1,0.03409527987241745,2023-03-02,"very difficult to get in and out of parking. smal, small indoor pool with smokers outside in tiny area. located on a very busy street and right next to highway; so noisy. no clock in the room. hardly any outlets in the room. archaic bathroo"
7d027ef72c02eaa17af3c993fd5dba50d17b41a6280389a46c13c7e2c32a5b06,check_in,3715,0.47359415888786316,0.45,0.46502137184143066,0.31882157921791077,0.1461997926235199,0.23290297389030457,1,0.03405036777257919,2023-03-02,the rooms were old and the bathrooms were not up to date. tile was scroungy and tub was dingy. there was no housekeeping at all so the garbage was overflowed. the elevator was extremely slow. and my credit card was charged twice for the sam
ff26cdda236b233f7c481f0e896814075ac6bed335e162e0ff01d5491343f838,amenities_breakfast,1079,0.5847944617271423,0.4,0.5530816316604614,0.4824504852294922,0.07063114643096924,0.47931310534477234,1,0.03385443240404129,2023-03-07,half used amenities. shower leaked. half ingredients on the menu missing for breakfast - had to go somewhere else for breakfast. comfortable enough but not much attention to detail
3216b1b7885bffdb336265a8de7322ba0cd477cfb3d4f99d19acf488f76a1941,amenities_parking,591,0.5039986968040466,0.45,0.43967950344085693,0.3347432017326355,0.10493630170822144,0.3209330439567566,1,0.03367752581834793,2023-10-30,it was an expensive place to stay
7d027ef72c02eaa17af3c993fd5dba50d17b41a6280389a46c13c7e2c32a5b06,check_in,174,0.4543529748916626,0.45,0.4351527690887451,0.31735485792160034,0.11779791116714478,0.2858297824859619,1,0.033670149743556976,2023-03-02,"terrible! room was dirty, had to wait 20 minutes to get toilet paper, blood stain on the floor, pillows tiny and only one per person. pool was dirty and the smoking area just outside so it smelled of smoke. oh, and housekeeping knocked on t"
7d027ef72c02eaa17af3c993fd5dba50d17b41a6280389a46c13c7e2c32a5b06,know_before_you_go,4090,0.42423614859580994,0.4,0.428087055683136,0.34247151017189026,0.08561554551124573,0.37140655517578125,1,0.03179817646741867,2026-02-06,the owners of this property dooes not spend any money on maintenance. indoor pool with broken heater. room was ok with the exception of the bathroom. shower rod looked like it was used as a chin up bar and no liner for the shower curtain. n
ff26cdda236b233f7c481f0e896814075ac6bed335e162e0ff01d5491343f838,check_out,3911,0.5715259313583374,0.4,0.5631586313247681,0.4704485833644867,0.09271004796028137,0.3349089026451111,1,0.031049421057105064,2025-12-29,limited amenities and charged extra cleaning fees for no reason when we asked during checkout
db38b19b897dbece3e34919c662b3fd66d23b615395d11fb69264dd3a9b17723,amenities_breakfast,3765,0.43894580006599426,0.4,0.3661794066429138,0.2815445065498352,0.08463490009307861,0.36433422565460205,1,0.030835390090942383,2025-12-26,"our stay did t meet our expectations for these reasons:
room had missing knob to hang clothes and toilet was slow functioning for flush. bed comfortable and room was clean and quiet. spa we had great massages but unable to use the amenities"
db38b19b897dbece3e34919c662b3fd66d23b615395d11fb69264dd3a9b17723,know_before_you_go,2823,0.4128250479698181,0.4,0.4139392673969269,0.30988019704818726,0.10405907034873962,0.2960974872112274,1,0.030811628326773643,2025-04-10,"disappointing stay – not worth the money.
the room was noisy, and i could clearly hear traffic from outside. there were no slippers, and the floor felt sticky. overall, it didn’t meet expectations for the price."
db38b19b897dbece3e34919c662b3fd66d23b615395d11fb69264dd3a9b17723,amenities_breakfast,3498,0.4273325204849243,0.4,0.3938156068325043,0.3082396388053894,0.08557596802711487,0.3565296530723572,1,0.030510369688272476,2023-03-02,iron in the room wasn’t working. they didn’t provide us crib and microwave even when we called for it in advance. they just gave us pack & play. number of power outlets were limited
fa014137b3ea9af6a90c0a86a1d099e46f7e56d6eb33db1ad1ec4bdac68c3caa,know_before_you_go,4036,0.49567514657974243,0.4,0.47481751441955566,0.3880573809146881,0.08676013350486755,0.34839656949043274,1,0.03022693283855915,2023-03-16,"hello,
this property is under construction and as we were not informed, i am looking into a discount from the $253. the lobby was closed, there was a crew of workmen outside my window in an inaccessible alley at 8 a.m., and we had to walk t"
7d027ef72c02eaa17af3c993fd5dba50d17b41a6280389a46c13c7e2c32a5b06,amenities_parking,2592,0.5173019766807556,0.45,0.5414448976516724,0.471621036529541,0.06982386112213135,0.4293047785758972,1,0.02997571788728237,2023-03-02,not enough parking could use some updates
fa014137b3ea9af6a90c0a86a1d099e46f7e56d6eb33db1ad1ec4bdac68c3caa,know_before_you_go,2306,0.507861852645874,0.4,0.45235979557037354,0.35465139150619507,0.09770840406417847,0.30474764108657837,1,0.029776405543088913,2023-03-02,"stuff  very friendly. a lot of noise from other rooms, ac from another rooms you can hear at night times was giving me a hard time to sleep, and also noise from the busy street. not to mention expensive $150 for a night on wednesday"
ff26cdda236b233f7c481f0e896814075ac6bed335e162e0ff01d5491343f838,check_in,2465,0.4916257858276367,0.45,0.46810421347618103,0.3871147334575653,0.08098948001861572,0.35685670375823975,1,0.028901638463139534,2023-03-02,beautiful facility...breakfast service was a little slow. one staff member was overwhelmed
3216b1b7885bffdb336265a8de7322ba0cd477cfb3d4f99d19acf488f76a1941,know_before_you_go,1768,0.4674406945705414,0.4,0.43714189529418945,0.29258424043655396,0.1445576548576355,0.19943439960479736,1,0.028829768300056458,2024-10-19,"neighbors we’re noisy, i had to stay another night and giving me hard time to match the price"
fa014137b3ea9af6a90c0a86a1d099e46f7e56d6eb33db1ad1ec4bdac68c3caa,know_before_you_go,4005,0.42545464634895325,0.4,0.3938009738922119,0.2829936444759369,0.11080732941627502,0.2593550980091095,1,0.028738446533679962,2025-09-29,the beds were very hard did not sleep good especially from the street noise smallest bathroom i have ever seen in a hotel could not even use the cart for luggage do to many different levels of rooms on each floor and elevator only stops at 
ff26cdda236b233f7c481f0e896814075ac6bed335e162e0ff01d5491343f838,amenities_breakfast,1937,0.437502920627594,0.4,0.42342454195022583,0.31908029317855835,0.10434424877166748,0.27369898557662964,1,0.028558915480971336,2023-03-28,check in was disappointing. i was given a key to an occupied room
7d027ef72c02eaa17af3c993fd5dba50d17b41a6280389a46c13c7e2c32a5b06,know_before_you_go,314,0.46208128333091736,0.4,0.3998418152332306,0.3032058775424957,0.09663593769073486,0.294930100440979,1,0.02850084751844406,2023-03-02,"my husband called to make a reservation the day before and was told they would have a room for us facing away from the expressway because this is where most of the noise occurs. 
   when we arrived at noon the next day, we were told they di"
db38b19b897dbece3e34919c662b3fd66d23b615395d11fb69264dd3a9b17723,check_out,1719,0.4406537115573883,0.4,0.41263893246650696,0.30879831314086914,0.10384061932563782,0.2701617181301117,1,0.028053760528564453,2023-03-02,"room was only supposed to be $110 and they charged me $161 which was way out of my price range. i know that the rate could possibly go up, but that is a bit much. ive had to pay extra in the past at other places but it was never more than $"
3216b1b7885bffdb336265a8de7322ba0cd477cfb3d4f99d19acf488f76a1941,know_before_you_go,2702,0.4103890061378479,0.4,0.40756556391716003,0.29846352338790894,0.1091020405292511,0.25460392236709595,1,0.027777807787060738,2024-08-16,"it was an okay room, ac was in poor working conditions hardly got room cold. bathroom had a ringing noise when lights were on and it felt pretty cramped up in there"
7d027ef72c02eaa17af3c993fd5dba50d17b41a6280389a46c13c7e2c32a5b06,know_before_you_go,3796,0.4852257966995239,0.4,0.4398921728134155,0.3283330202102661,0.11155915260314941,0.24655918776988983,1,0.027505934238433838,2023-03-02,"passing thru on way south. we stayed 1 nite on our way south. hotel lobby was under construction. our room had poor
ventilation. the wall unit a/c barely worked & kept making a moaning sound every 45 seconds. 
no tissue in bath when we ch"
7d027ef72c02eaa17af3c993fd5dba50d17b41a6280389a46c13c7e2c32a5b06,amenities_wifi,1968,0.4103792905807495,0.4,0.44380784034729004,0.3679558038711548,0.07585203647613525,0.36078396439552307,1,0.02736619859933853,2023-03-16,the internet did not work most of the time.  we complained to the staff and nothing was fixed.  the toilet in our bathroom had to be fixed by my husband many times because it was running.  i told the staff and was informed they would have s
db38b19b897dbece3e34919c662b3fd66d23b615395d11fb69264dd3a9b17723,amenities_pool,792,0.5145004391670227,0.45,0.5639547109603882,0.4882395565509796,0.07571515440940857,0.35657402873039246,1,0.026998057961463928,2023-10-31,"pillow cases were dirty with makes up, hair and other stains. there was hair on sheets. pool was filthy"
fa014137b3ea9af6a90c0a86a1d099e46f7e56d6eb33db1ad1ec4bdac68c3caa,know_before_you_go,4052,0.4957026243209839,0.4,0.42262858152389526,0.3406652808189392,0.08196330070495605,0.3257274329662323,1,0.02669769525527954,2023-07-12,the staff was very nice and helpful.  it was hard to park and the stairs leading to our room from the elevator on the second floor made it very hard with heavy luggage.  they were steep and just strange. we also could hear everyone going do
7d027ef72c02eaa17af3c993fd5dba50d17b41a6280389a46c13c7e2c32a5b06,amenities_breakfast,2006,0.5760764479637146,0.4,0.5565916299819946,0.4918321967124939,0.06475943326950073,0.41188451647758484,1,0.02667340822517872,2023-06-20,"the property is overall good, needs updates. breakfast was disappointing,  service was slow to replenish, no silverware available. asked for spoons, 1 was brought out, no knives for butter,  waffle machine wasnt working, 3 of 4 toaster spot"
7d027ef72c02eaa17af3c993fd5dba50d17b41a6280389a46c13c7e2c32a5b06,amenities_parking,1180,0.7294211387634277,0.45,0.6243599653244019,0.5532631874084473,0.07109677791595459,0.3710540533065796,1,0.0263807475566864,2024-02-06,it was good but just parking is hard to find and complicated!!
fa014137b3ea9af6a90c0a86a1d099e46f7e56d6eb33db1ad1ec4bdac68c3caa,amenities_breakfast,3817,0.49830612540245056,0.4,0.4209533631801605,0.34615862369537354,0.07479473948478699,0.35104697942733765,1,0.026256468147039413,2023-03-16,"2 seperate flights of stairs after you exit the elevator. room had dirty used hand soap bar. tv did not have cable. only 1 roll of toillet paper in the room. complimentary breakfast was limited to cereal, toast, muffins, etc"
7d027ef72c02eaa17af3c993fd5dba50d17b41a6280389a46c13c7e2c32a5b06,pet,1571,0.5621564388275146,0.45,0.5639575123786926,0.5072526931762695,0.056704819202423096,0.46274101734161377,1,0.02623964659869671,2024-06-11,the check in was great... they are a pet friendly hotel but there is no area at all to walk your pet. not even anywhere close. the morning of check out we were interrogated about if i had paid the pet fee. to the point of harassment by morn
f2d8d9557208d58577e9df7ff34e42bf86fb5b10fdfae0c3040d14c374a2a2b9,amenities_pool,3834,0.4513733685016632,0.45,0.5380278825759888,0.46531787514686584,0.07271000742912292,0.3592994809150696,1,0.02612466737627983,2023-03-02,"the property was really run down and dirty. we had problems with our first room, and they gave us a free upgrade. it really made me want to like the place since they were trying, but even the next room was a disaster. the bathroom smelled h"
f2d8d9557208d58577e9df7ff34e42bf86fb5b10fdfae0c3040d14c374a2a2b9,check_in,3635,0.4857047498226166,0.45,0.4435856342315674,0.37587103247642517,0.06771460175514221,0.3805009126663208,1,0.025765467435121536,2023-03-02,"hotel has stay was good. . i reserved a room with 2 beds. i arrived at 1:30 friday for reservation. waited for room for 1 1/2 hours . check in is 3:00 . i was told they were full but have a different room . it had one bed no pull out bed.
"
7d027ef72c02eaa17af3c993fd5dba50d17b41a6280389a46c13c7e2c32a5b06,check_out,645,0.4008399546146393,0.4,0.4378063976764679,0.305361807346344,0.1324445903301239,0.18783564865589142,1,0.024877816438674927,2023-03-02,the first room we had the ac didn’t work so they switched our rooms. then that room the ac worked but it didn’t work very good. then the toilet kept running and wouldn’t flush so my husband checked it & the chain in the back of the toilet w
3216b1b7885bffdb336265a8de7322ba0cd477cfb3d4f99d19acf488f76a1941,know_before_you_go,1979,0.46160539984703064,0.4,0.37665826082229614,0.27884024381637573,0.09781801700592041,0.25210973620414734,1,0.024660874158143997,2023-03-16,"i hated my stay at this |MASK|. disgusting smelly old sheets with holes. room smelled like amonia. heavy traffic noise on atlantic. to top it off, there were trucks going in and out at 6am in front of the rooms in the courtyard"
3216b1b7885bffdb336265a8de7322ba0cd477cfb3d4f99d19acf488f76a1941,know_before_you_go,481,0.47971296310424805,0.4,0.4112606346607208,0.3318038284778595,0.07945680618286133,0.30801427364349365,1,0.024473831057548523,2023-08-22,noisy . this hotel is probably the best in the area. unfortunately the area is “scary “ and to top it off the rooms are not insulated very well. we could hear the noise and everything from the room above us and the rooms next to us plus the
7d027ef72c02eaa17af3c993fd5dba50d17b41a6280389a46c13c7e2c32a5b06,check_out,2534,0.4735698997974396,0.4,0.47052863240242004,0.35990285873413086,0.11062577366828918,0.21061451733112335,1,0.02329939417541027,2023-03-02,the property did not have my expedia reservation then charged more than the expedia rate.  very upsetting
f2d8d9557208d58577e9df7ff34e42bf86fb5b10fdfae0c3040d14c374a2a2b9,know_before_you_go,3592,0.48263052105903625,0.4,0.47397348284721375,0.4141882061958313,0.059785276651382446,0.3875390887260437,1,0.023169131949543953,2023-03-02,"under construction without notice. blocked in to pool area from suite over night, no discount, poor furniture, roaches"
db38b19b897dbece3e34919c662b3fd66d23b615395d11fb69264dd3a9b17723,check_in,3765,0.49247419834136963,0.45,0.4146244525909424,0.32441726326942444,0.09020718932151794,0.25269389152526855,1,0.022794805467128754,2025-12-26,"our stay did t meet our expectations for these reasons:
room had missing knob to hang clothes and toilet was slow functioning for flush. bed comfortable and room was clean and quiet. spa we had great massages but unable to use the amenities"
db38b19b897dbece3e34919c662b3fd66d23b615395d11fb69264dd3a9b17723,check_in,169,0.4644938111305237,0.45,0.39573752880096436,0.2990889251232147,0.09664860367774963,0.23565444350242615,1,0.022775672376155853,2023-09-25,"beautiful pool area.  hot tub and pool could use more cleaning. carpet in hotel was disgusting. service was very slow at pool, coffee shop, etc. overall nice hotel but don’t think we’d go back"
ff26cdda236b233f7c481f0e896814075ac6bed335e162e0ff01d5491343f838,amenities_breakfast,1954,0.6728417873382568,0.4,0.6060379147529602,0.5479106307029724,0.05812728404998779,0.38785025477409363,1,0.022544682025909424,2023-03-02,"breakfast not included was
a disappointment. consider a basic continental.  bed was hard"
f2d8d9557208d58577e9df7ff34e42bf86fb5b10fdfae0c3040d14c374a2a2b9,know_before_you_go,3883,0.47525152564048767,0.4,0.3669873774051666,0.2952107787132263,0.07177659869194031,0.30983754992485046,1,0.022239085286855698,2023-03-02,"under construction. i booked this through expedia, so once we got there and weren't thrilled with it, we couldn't get any money back....the hotel is under renovations...every moning there was a man lift right outside our bedroom....walking "
3216b1b7885bffdb336265a8de7322ba0cd477cfb3d4f99d19acf488f76a1941,amenities_breakfast,904,0.4782470464706421,0.4,0.3901311159133911,0.30538859963417053,0.08474251627922058,0.26157432794570923,1,0.02216646634042263,2023-03-02,very poorly ran place cobb webs in the room ants on the bed toilet seat loose continental breakfast was very limited very disappointed i travel all over the country this is by far the worst place i’ve been to !!! do not waste your time or m
db38b19b897dbece3e34919c662b3fd66d23b615395d11fb69264dd3a9b17723,check_out,2355,0.4617718756198883,0.4,0.41158831119537354,0.34036973118782043,0.0712185800075531,0.3081100583076477,1,0.021943161264061928,2023-06-21,"i called this property on the day of my arrival to let them know that i would be arriving after midnight. the man at the hotel front desk said that he made a note on my reservation, so that my room wouldn’t be given away. well, my room was "
ff26cdda236b233f7c481f0e896814075ac6bed335e162e0ff01d5491343f838,check_in,2431,0.4916544556617737,0.45,0.45843690633773804,0.3827512562274933,0.07568565011024475,0.2897246181964874,1,0.02192799560725689,2023-03-02,nice modern decor. breakfast was very slow
db38b19b897dbece3e34919c662b3fd66d23b615395d11fb69264dd3a9b17723,amenities_pool,1394,0.49471694231033325,0.45,0.4311755299568176,0.35753166675567627,0.07364386320114136,0.29734280705451965,1,0.02189747244119644,2023-03-02,rooms were paper thin and could hear talking next door. pool was closed. booked for two nights but left after one night
f2d8d9557208d58577e9df7ff34e42bf86fb5b10fdfae0c3040d14c374a2a2b9,check_out,808,0.4818907380104065,0.4,0.45760875940322876,0.383043110370636,0.07456564903259277,0.2907273471355438,1,0.021678272634744644,2023-03-02,"terrible smells in the room.. awful, room smells of mold and mildew, couldn't use the heat, smelled like urine when tried. brought our clothes home and straight from the car to the washer. threw the suitcase and bags out. they all stink. i "
db38b19b897dbece3e34919c662b3fd66d23b615395d11fb69264dd3a9b17723,amenities_pool,2126,0.4888928234577179,0.45,0.4844093918800354,0.42547792196273804,0.05893146991729736,0.36473149061203003,1,0.02149416320025921,2023-03-02,"this property is really run down and not at all a fancy resort you might think it is from the pretty picture of the pools. the pools were supposed to be heated and reasonable to use in all seasons, but they were frigid. the hot tub was out "
7d027ef72c02eaa17af3c993fd5dba50d17b41a6280389a46c13c7e2c32a5b06,check_out,2151,0.4540029466152191,0.4,0.40122348070144653,0.30447569489479065,0.09674778580665588,0.2161339819431305,1,0.020910484716296196,2023-06-23,"defective room lock which made me lat to my job. charged a ""smoking"" fee to someone who does not smoke!"
f2d8d9557208d58577e9df7ff34e42bf86fb5b10fdfae0c3040d14c374a2a2b9,know_before_you_go,808,0.5104333162307739,0.4,0.38253819942474365,0.2862659692764282,0.09627223014831543,0.21483680605888367,1,0.020682819187641144,2023-03-02,"terrible smells in the room.. awful, room smells of mold and mildew, couldn't use the heat, smelled like urine when tried. brought our clothes home and straight from the car to the washer. threw the suitcase and bags out. they all stink. i "
db38b19b897dbece3e34919c662b3fd66d23b615395d11fb69264dd3a9b17723,know_before_you_go,2645,0.5069904327392578,0.4,0.4337153732776642,0.3732459247112274,0.06046944856643677,0.3318231999874115,1,0.02006516605615616,2024-11-18,"we have stayed at other omnis before and this one just missed the mark. first, it was under construction when we arrived.  the message we received prior to booking stated that all construction would be finished by october.  that wasn’t the "
3216b1b7885bffdb336265a8de7322ba0cd477cfb3d4f99d19acf488f76a1941,check_out,3174,0.4163288474082947,0.4,0.45238369703292847,0.372270405292511,0.08011329174041748,0.250404417514801,1,0.020060721784830093,2025-03-11,"checked in, went upstairs and the room was filthy! the “white” bedding was not white, there was soda on the wall/base board, crumbs and penny’s under the desk. 
9 months pregnant and i used the bathroom after we drove for two hours to get t"
ff26cdda236b233f7c481f0e896814075ac6bed335e162e0ff01d5491343f838,check_out,3801,0.4421274662017822,0.4,0.4184916019439697,0.35859882831573486,0.05989277362823486,0.31338873505592346,1,0.018769720569252968,2023-03-02,age of check in. expedia website failed to state check in age of this hotel so i travelled 3 hours to stay here and was turned down at the front desk because i was not 21. the hotel seemed very nice but the lady at the front desk wasn't exa
ff26cdda236b233f7c481f0e896814075ac6bed335e162e0ff01d5491343f838,check_in,2464,0.5238392353057861,0.45,0.4412754774093628,0.3666549324989319,0.07462054491043091,0.249262273311615,1,0.018600085750222206,2023-03-02,"we got there and we were in the wrong room. my mom had to wait hours before her room was available and was told she could only stay one night because other rooms weren’t available.

we finally got into a room and it was dirty with big spots"
7d027ef72c02eaa17af3c993fd5dba50d17b41a6280389a46c13c7e2c32a5b06,check_in,2721,0.5595266819000244,0.45,0.5190366506576538,0.4719182252883911,0.047118425369262695,0.383561372756958,1,0.018072808161377907,2025-04-13,check in time was at 3 but our room was not ready until 4:05. the hotel is clean but definitely needs an update
ff26cdda236b233f7c481f0e896814075ac6bed335e162e0ff01d5491343f838,check_out,3011,0.4642079472541809,0.4,0.48697763681411743,0.40644264221191406,0.08053499460220337,0.21100766956806183,1,0.016993502154946327,2023-03-02,"stay was nice, but reservation got changed without my doing and got charged an extra night when i had already paid for the 2 we were staying. overall disappointed and will not be staying again"
7d027ef72c02eaa17af3c993fd5dba50d17b41a6280389a46c13c7e2c32a5b06,check_out,3715,0.4401313066482544,0.4,0.4328434467315674,0.35897746682167053,0.07386597990989685,0.2156968116760254,1,0.015932656824588776,2023-03-02,the rooms were old and the bathrooms were not up to date. tile was scroungy and tub was dingy. there was no housekeeping at all so the garbage was overflowed. the elevator was extremely slow. and my credit card was charged twice for the sam
ff26cdda236b233f7c481f0e896814075ac6bed335e162e0ff01d5491343f838,amenities_breakfast,1495,0.4533466696739197,0.4,0.4255298674106598,0.38719913363456726,0.03833073377609253,0.40398335456848145,1,0.015484978444874287,2023-03-02,"their tv system was horrible for a property of this price, no breakfast included, no cleaning done at all in the room for 3 days i stayed, not even restocking of toiletries or in room coffee supplies.  very small pool.  overall a fairly dis"
db38b19b897dbece3e34919c662b3fd66d23b615395d11fb69264dd3a9b17723,pet,957,0.6323461532592773,0.45,0.5074472427368164,0.4681876003742218,0.039259642362594604,0.37481889128685,1,0.014715255238115788,2023-03-02,i don't like the pet fee.  too much money!
db38b19b897dbece3e34919c662b3fd66d23b615395d11fb69264dd3a9b17723,check_in,1774,0.4882109463214874,0.45,0.4108811616897583,0.3692713975906372,0.041609764099121094,0.34274548292160034,1,0.014261558651924133,2023-03-02,i am still waiting for a full refund on my credit card for the stay which we left within a few hours of checking in because of the lackluster facilities
823fb2499b4e37d99acb65e7198e75965d6496fd1c579f976205c0e6179206df,check_out,1219,0.4205317497253418,0.4,0.4055970311164856,0.3454945683479309,0.06010246276855469,0.23615260422229767,1,0.014193353243172169,2023-06-09,i really enjoyed staying at the hotel. however what i did not like about the hotel was the service at the end. we needed a ride to the airport early morning. i requested the taxi service through the hotel. they quoted me a price of 65 euro 
ff26cdda236b233f7c481f0e896814075ac6bed335e162e0ff01d5491343f838,check_out,3353,0.4513791799545288,0.4,0.4137399196624756,0.3663640320301056,0.047375887632369995,0.29189610481262207,1,0.013828837312757969,2023-03-02,"the property itself was fine. edward, at the front desk was very kind and professional. the lady working the next evening was not pleasant. i found it odd that they only serve coffee until 10 am. my friend asked for a cup at 9:45 and they w"
db38b19b897dbece3e34919c662b3fd66d23b615395d11fb69264dd3a9b17723,amenities_breakfast,227,0.41681405901908875,0.4,0.3830680549144745,0.34855028986930847,0.034517765045166016,0.3935951292514801,1,0.013586023822426796,2023-08-03,"staff was very friendly, elevators were broken often, pictures were misleading. no fitted sheet so had pleasure of waking up touching mattress. limited cleaning. bathrooms were very dated"
7d027ef72c02eaa17af3c993fd5dba50d17b41a6280389a46c13c7e2c32a5b06,amenities_breakfast,644,0.4115566611289978,0.4,0.4052138924598694,0.3731113374233246,0.0321025550365448,0.4167250990867615,1,0.013377940282225609,2023-03-02,"only three pillows in king size bed had to request more, had to request bath towels as there were none in the room. no floor mat. lobby coffee and tea water were both cold and only creamer was irish cream and no regular creamer to be found "
f2d8d9557208d58577e9df7ff34e42bf86fb5b10fdfae0c3040d14c374a2a2b9,amenities_gym,1122,0.4074120819568634,0.4,0.3626022934913635,0.30069640278816223,0.061905890703201294,0.21454882621765137,1,0.013281836174428463,2023-03-02,"the furniture was outdated, broken and old. i needed a get away place where i could get a peace of mind, but the constant banging made it impossible to do so. they should had warn you that the place was being work on"
3216b1b7885bffdb336265a8de7322ba0cd477cfb3d4f99d19acf488f76a1941,amenities_breakfast,2326,0.7270130515098572,0.4,0.5510071516036987,0.4996657371520996,0.05134141445159912,0.2556663751602173,1,0.013126273639500141,2023-03-02,not bad but the breakfast was very poor with limited options
db38b19b897dbece3e34919c662b3fd66d23b615395d11fb69264dd3a9b17723,know_before_you_go,1019,0.4458062946796417,0.4,0.4097710847854614,0.37511858344078064,0.034652501344680786,0.3632320761680603,1,0.012586900033056736,2023-03-16,"liked: great views, friendly efficient staff, outstanding breakfast & brunch, sensational water pressure for showers, quiet.
didn't like:  deafening construction noise in lobby, sagging mattress, broken toilet flush handle (fixed quickly), "
7d027ef72c02eaa17af3c993fd5dba50d17b41a6280389a46c13c7e2c32a5b06,amenities_gym,638,0.4421897232532501,0.4,0.4050371050834656,0.37231171131134033,0.032725393772125244,0.3696586787700653,1,0.012097225524485111,2023-03-02,"the shower head was broken

the microwave didn’t work

an their was a strange odor coming from the ac unit 

the key cards kept deactivating and you had to keep going to the service desk to reactivate them"
ff26cdda236b233f7c481f0e896814075ac6bed335e162e0ff01d5491343f838,know_before_you_go,2994,0.4315163493156433,0.4,0.41838404536247253,0.34995588660240173,0.0684281587600708,0.17075197398662567,1,0.011684243567287922,2023-03-02,hallways and doors are very noisy! more sound proofing needed
